﻿"ref_area.label","source.label","indicator.label","classif1.label","time","obs_value","note_indicator.label","note_source.label"
"Japan","CPS - Consumer Price Survey","National consumer price index (CPI) by COICOP (2017 = 100)","COICOP2012: General - Individual consumption expenditure of households","2023M12",108.34,"Frequency: Monthly","Repository: International Monetary Fund"
"Japan","CPS - Consumer Price Survey","National consumer price index (CPI) by COICOP (2017 = 100)","COICOP2012: General - Individual consumption expenditure of households","2023M11",108.45,"Frequency: Monthly","Repository: International Monetary Fund"
"Japan","CPS - Consumer Price Survey","National consumer price index (CPI) by COICOP (2017 = 100)","COICOP2012: General - Individual consumption expenditure of households","2023M10",108.65,"Frequency: Monthly","Repository: International Monetary Fund"
"Japan","CPS - Consumer Price Survey","National consumer price index (CPI) by COICOP (2017 = 100)","COICOP2012: General - Individual consumption expenditure of households","2023M09",107.74,"Frequency: Monthly","Repository: International Monetary Fund"
"Japan","CPS - Consumer Price Survey","National consumer price index (CPI) by COICOP (2017 = 100)","COICOP2012: General - Individual consumption expenditure of households","2023M08",107.43,"Frequency: Monthly","Repository: International Monetary Fund"
"Japan","CPS - Consumer Price Survey","National consumer price index (CPI) by COICOP (2017 = 100)","COICOP2012: General - Individual consumption expenditure of households","2023M07",107.23,"Frequency: Monthly","Repository: International Monetary Fund"
"Japan","CPS - Consumer Price Survey","National consumer price index (CPI) by COICOP (2017 = 100)","COICOP2012: General - Individual consumption expenditure of households","2023M06",106.72,"Frequency: Monthly","Repository: International Monetary Fund"
"Japan","CPS - Consumer Price Survey","National consumer price index (CPI) by COICOP (2017 = 100)","COICOP2012: General - Individual consumption expenditure of households","2023M05",106.62,"Frequency: Monthly","Repository: International Monetary Fund"
"Japan","CPS - Consumer Price Survey","National consumer price index (CPI) by COICOP (2017 = 100)","COICOP2012: General - Individual consumption expenditure of households","2023M04",106.62,"Frequency: Monthly","Repository: International Monetary Fund"
"Japan","CPS - Consumer Price Survey","National consumer price index (CPI) by COICOP (2017 = 100)","COICOP2012: General - Individual consumption expenditure of households","2023M03",105.91,"Frequency: Monthly","Repository: International Monetary Fund"
"Japan","CPS - Consumer Price Survey","National consumer price index (CPI) by COICOP (2017 = 100)","COICOP2012: General - Individual consumption expenditure of households","2023M02",105.5,"Frequency: Monthly","Repository: International Monetary Fund"
"Japan","CPS - Consumer Price Survey","National consumer price index (CPI) by COICOP (2017 = 100)","COICOP2012: General - Individual consumption expenditure of households","2023M01",106.21,"Frequency: Monthly","Repository: International Monetary Fund"
"Japan","CPS - Consumer Price Survey","National consumer price index (CPI) by COICOP (2017 = 100)","COICOP2012: General - Individual consumption expenditure of households","2022M12",105.6,"Frequency: Monthly","Repository: International Monetary Fund"
"Japan","CPS - Consumer Price Survey","National consumer price index (CPI) by COICOP (2017 = 100)","COICOP2012: General - Individual consumption expenditure of households","2022M11",105.4,"Frequency: Monthly","Repository: International Monetary Fund"
"Japan","CPS - Consumer Price Survey","National consumer price index (CPI) by COICOP (2017 = 100)","COICOP2012: General - Individual consumption expenditure of households","2022M10",105.2,"Frequency: Monthly","Repository: International Monetary Fund"
"Japan","CPS - Consumer Price Survey","National consumer price index (CPI) by COICOP (2017 = 100)","COICOP2012: General - Individual consumption expenditure of households","2022M09",104.59,"Frequency: Monthly","Repository: International Monetary Fund"
"Japan","CPS - Consumer Price Survey","National consumer price index (CPI) by COICOP (2017 = 100)","COICOP2012: General - Individual consumption expenditure of households","2022M08",104.18,"Frequency: Monthly","Repository: International Monetary Fund"
"Japan","CPS - Consumer Price Survey","National consumer price index (CPI) by COICOP (2017 = 100)","COICOP2012: General - Individual consumption expenditure of households","2022M07",103.78,"Frequency: Monthly","Repository: International Monetary Fund"
"Japan","CPS - Consumer Price Survey","National consumer price index (CPI) by COICOP (2017 = 100)","COICOP2012: General - Individual consumption expenditure of households","2022M06",103.27,"Frequency: Monthly","Repository: International Monetary Fund"
"Japan","CPS - Consumer Price Survey","National consumer price index (CPI) by COICOP (2017 = 100)","COICOP2012: General - Individual consumption expenditure of households","2022M05",103.27,"Frequency: Monthly","Repository: International Monetary Fund"
"Japan","CPS - Consumer Price Survey","National consumer price index (CPI) by COICOP (2017 = 100)","COICOP2012: General - Individual consumption expenditure of households","2022M04",102.97,"Frequency: Monthly","Repository: International Monetary Fund"
"Japan","CPS - Consumer Price Survey","National consumer price index (CPI) by COICOP (2017 = 100)","COICOP2012: General - Individual consumption expenditure of households","2022M03",102.56,"Frequency: Monthly","Repository: International Monetary Fund"
"Japan","CPS - Consumer Price Survey","National consumer price index (CPI) by COICOP (2017 = 100)","COICOP2012: General - Individual consumption expenditure of households","2022M02",102.16,"Frequency: Monthly","Repository: International Monetary Fund"
"Japan","CPS - Consumer Price Survey","National consumer price index (CPI) by COICOP (2017 = 100)","COICOP2012: General - Individual consumption expenditure of households","2022M01",101.75,"Frequency: Monthly","Repository: International Monetary Fund"
"Japan","CPS - Consumer Price Survey","National consumer price index (CPI) by COICOP (2017 = 100)","COICOP2012: General - Individual consumption expenditure of households","2021M12",101.55,"Frequency: Monthly","Repository: International Monetary Fund"
"Japan","CPS - Consumer Price Survey","National consumer price index (CPI) by COICOP (2017 = 100)","COICOP2012: General - Individual consumption expenditure of households","2021M11",101.55,"Frequency: Monthly","Repository: International Monetary Fund"
"Japan","CPS - Consumer Price Survey","National consumer price index (CPI) by COICOP (2017 = 100)","COICOP2012: General - Individual consumption expenditure of households","2021M10",101.34,"Frequency: Monthly","Repository: International Monetary Fund"
"Japan","CPS - Consumer Price Survey","National consumer price index (CPI) by COICOP (2017 = 100)","COICOP2012: General - Individual consumption expenditure of households","2021M09",101.55,"Frequency: Monthly","Repository: International Monetary Fund"
"Japan","CPS - Consumer Price Survey","National consumer price index (CPI) by COICOP (2017 = 100)","COICOP2012: General - Individual consumption expenditure of households","2021M08",101.14,"Frequency: Monthly","Repository: International Monetary Fund"
"Japan","CPS - Consumer Price Survey","National consumer price index (CPI) by COICOP (2017 = 100)","COICOP2012: General - Individual consumption expenditure of households","2021M07",101.14,"Frequency: Monthly","Repository: International Monetary Fund"
"Japan","CPS - Consumer Price Survey","National consumer price index (CPI) by COICOP (2017 = 100)","COICOP2012: General - Individual consumption expenditure of households","2021M06",100.94,"Frequency: Monthly","Repository: International Monetary Fund"
"Japan","CPS - Consumer Price Survey","National consumer price index (CPI) by COICOP (2017 = 100)","COICOP2012: General - Individual consumption expenditure of households","2021M05",100.84,"Frequency: Monthly","Repository: International Monetary Fund"
"Japan","CPS - Consumer Price Survey","National consumer price index (CPI) by COICOP (2017 = 100)","COICOP2012: General - Individual consumption expenditure of households","2021M04",100.53,"Frequency: Monthly","Repository: International Monetary Fund"
"Japan","CPS - Consumer Price Survey","National consumer price index (CPI) by COICOP (2017 = 100)","COICOP2012: General - Individual consumption expenditure of households","2021M03",101.34,"Frequency: Monthly","Repository: International Monetary Fund"
"Japan","CPS - Consumer Price Survey","National consumer price index (CPI) by COICOP (2017 = 100)","COICOP2012: General - Individual consumption expenditure of households","2021M02",101.24,"Frequency: Monthly","Repository: International Monetary Fund"
"Japan","CPS - Consumer Price Survey","National consumer price index (CPI) by COICOP (2017 = 100)","COICOP2012: General - Individual consumption expenditure of households","2021M01",101.24,"Frequency: Monthly","Repository: International Monetary Fund"
"Japan","CPS - Consumer Price Survey","National consumer price index (CPI) by COICOP (2017 = 100)","COICOP2012: General - Individual consumption expenditure of households","2020M12",100.74,"Frequency: Monthly","Repository: International Monetary Fund"
"Japan","CPS - Consumer Price Survey","National consumer price index (CPI) by COICOP (2017 = 100)","COICOP2012: General - Individual consumption expenditure of households","2020M11",100.94,"Frequency: Monthly","Repository: International Monetary Fund"
"Japan","CPS - Consumer Price Survey","National consumer price index (CPI) by COICOP (2017 = 100)","COICOP2012: General - Individual consumption expenditure of households","2020M10",101.24,"Frequency: Monthly","Repository: International Monetary Fund"
"Japan","CPS - Consumer Price Survey","National consumer price index (CPI) by COICOP (2017 = 100)","COICOP2012: General - Individual consumption expenditure of households","2020M09",101.34,"Frequency: Monthly","Repository: International Monetary Fund"
"Japan","CPS - Consumer Price Survey","National consumer price index (CPI) by COICOP (2017 = 100)","COICOP2012: General - Individual consumption expenditure of households","2020M08",101.55,"Frequency: Monthly","Repository: International Monetary Fund"
"Japan","CPS - Consumer Price Survey","National consumer price index (CPI) by COICOP (2017 = 100)","COICOP2012: General - Individual consumption expenditure of households","2020M07",101.45,"Frequency: Monthly","Repository: International Monetary Fund"
"Japan","CPS - Consumer Price Survey","National consumer price index (CPI) by COICOP (2017 = 100)","COICOP2012: General - Individual consumption expenditure of households","2020M06",101.34,"Frequency: Monthly","Repository: International Monetary Fund"
"Japan","CPS - Consumer Price Survey","National consumer price index (CPI) by COICOP (2017 = 100)","COICOP2012: General - Individual consumption expenditure of households","2020M05",101.55,"Frequency: Monthly","Repository: International Monetary Fund"
"Japan","CPS - Consumer Price Survey","National consumer price index (CPI) by COICOP (2017 = 100)","COICOP2012: General - Individual consumption expenditure of households","2020M04",101.65,"Frequency: Monthly","Repository: International Monetary Fund"
"Japan","CPS - Consumer Price Survey","National consumer price index (CPI) by COICOP (2017 = 100)","COICOP2012: General - Individual consumption expenditure of households","2020M03",101.75,"Frequency: Monthly","Repository: International Monetary Fund"
"Japan","CPS - Consumer Price Survey","National consumer price index (CPI) by COICOP (2017 = 100)","COICOP2012: General - Individual consumption expenditure of households","2020M02",101.75,"Frequency: Monthly","Repository: International Monetary Fund"
"Japan","CPS - Consumer Price Survey","National consumer price index (CPI) by COICOP (2017 = 100)","COICOP2012: General - Individual consumption expenditure of households","2020M01",101.95,"Frequency: Monthly","Repository: International Monetary Fund"
"Japan","CPS - Consumer Price Survey","National consumer price index (CPI) by COICOP (2017 = 100)","COICOP2012: General - Individual consumption expenditure of households","2019M12",101.95,"Frequency: Monthly","Repository: International Monetary Fund"
"Japan","CPS - Consumer Price Survey","National consumer price index (CPI) by COICOP (2017 = 100)","COICOP2012: General - Individual consumption expenditure of households","2019M11",101.95,"Frequency: Monthly","Repository: International Monetary Fund"
"Japan","CPS - Consumer Price Survey","National consumer price index (CPI) by COICOP (2017 = 100)","COICOP2012: General - Individual consumption expenditure of households","2019M10",101.85,"Frequency: Monthly","Repository: International Monetary Fund"
"Japan","CPS - Consumer Price Survey","National consumer price index (CPI) by COICOP (2017 = 100)","COICOP2012: General - Individual consumption expenditure of households","2019M09",101.55,"Frequency: Monthly","Repository: International Monetary Fund"
"Japan","CPS - Consumer Price Survey","National consumer price index (CPI) by COICOP (2017 = 100)","COICOP2012: General - Individual consumption expenditure of households","2019M08",101.45,"Frequency: Monthly","Repository: International Monetary Fund"
"Japan","CPS - Consumer Price Survey","National consumer price index (CPI) by COICOP (2017 = 100)","COICOP2012: General - Individual consumption expenditure of households","2019M07",101.24,"Frequency: Monthly","Repository: International Monetary Fund"
"Japan","CPS - Consumer Price Survey","National consumer price index (CPI) by COICOP (2017 = 100)","COICOP2012: General - Individual consumption expenditure of households","2019M06",101.24,"Frequency: Monthly","Repository: International Monetary Fund"
"Japan","CPS - Consumer Price Survey","National consumer price index (CPI) by COICOP (2017 = 100)","COICOP2012: General - Individual consumption expenditure of households","2019M05",101.45,"Frequency: Monthly","Repository: International Monetary Fund"
"Japan","CPS - Consumer Price Survey","National consumer price index (CPI) by COICOP (2017 = 100)","COICOP2012: General - Individual consumption expenditure of households","2019M04",101.45,"Frequency: Monthly","Repository: International Monetary Fund"
"Japan","CPS - Consumer Price Survey","National consumer price index (CPI) by COICOP (2017 = 100)","COICOP2012: General - Individual consumption expenditure of households","2019M03",101.14,"Frequency: Monthly","Repository: International Monetary Fund"
"Japan","CPS - Consumer Price Survey","National consumer price index (CPI) by COICOP (2017 = 100)","COICOP2012: General - Individual consumption expenditure of households","2019M02",101.14,"Frequency: Monthly","Repository: International Monetary Fund"
"Japan","CPS - Consumer Price Survey","National consumer price index (CPI) by COICOP (2017 = 100)","COICOP2012: General - Individual consumption expenditure of households","2019M01",101.14,"Frequency: Monthly","Repository: International Monetary Fund"
